f [Hz],h²Ω (SKA5),h²Ω (SKA10),h²Ω (SKA20),h²Ω (EPTA),h²Ω (NANOGrav),h²Ω (LISA),h²Ω (BDECIGO),h²Ω (DECIGO),h²Ω (BBO),h²Ω (ET)
1.e-9,1.,1.,1.,1.,1.,1.,1.,1.,1.,1.
1.0964781961431829e-9,1.,1.,1.,1.,1.,1.,1.,1.,1.,1.
1.2022644346174132e-9,1.,1.,1.,1.,1.,1.,1.,1.,1.,1.
1.3182567385564047e-9,1.,1.,1.,1.,1.,1.,1.,1.,1.,1.
1.445439770745928e-9,1.,1.,1.,1.,1.,1.,1.,1.,1.,1.
1.584893192461111e-9,1.,1.,3.4571363861937515e-15,1.,1.,1.,1.,1.,1.,1.
1.7378008287493762e-9,1.,1.,1.5026567634931627e-15,1.,1.,1.,1.,1.,1.,1.
1.9054607179632444e-9,1.,1.,1.6071273271039398e-15,3.7685699758032126e-9,1.,1.,1.,1.,1.,1.
2.089296130854041e-9,1.,1.,1.9845531112760315e-15,2.3334362788696405e-9,1.,1.,1.,1.,1.,1.
2.29086765276777e-9,1.,1.,2.601719550244072e-15,1.909888881244659e-9,1.,1.,1.,1.,1.,1.
2.511886431509582e-9,1.,1.,3.525997221599962e-15,1.6816649354294028e-9,1.,1.,1.,1.,1.,1.
2.7542287033381634e-9,1.,1.,4.867231081730048e-15,1.5336966492763743e-9,1.,1.,1.,1.,1.,1.
3.019951720402019e-9,1.,1.,6.718649197406285e-15,1.4581607916808751e-9,1.1794786923247989e-9,1.,1.,1.,1.,1.
3.3113112148259078e-9,1.,5.6051096135752924e-14,9.489638464599257e-15,1.399299673163833e-9,7.461173431349399e-10,1.,1.,1.,1.,1.
3.6307805477010177e-9,1.,4.820593602191707e-14,1.3716700846732203e-14,1.399299673163833e-9,5.778553625382093e-10,1.,1.,1.,1.,1.
3.981071705534969e-9,1.,5.6264885912477e-14,1.9826664927290905e-14,1.4095170610757464e-9,4.911210578232334e-10,1.,1.,1.,1.,1.
4.365158322401665e-9,1.,7.199797128697485e-14,2.865825000715994e-14,1.4759455536172193e-9,4.419338465358912e-10,1.,1.,1.,1.,1.
4.78630092322638e-9,1.,9.524217447750141e-14,4.1423774320328403e-14,1.5799047733912553e-9,4.1782246155305736e-10,1.,1.,1.,1.,1.
5.248074602497734e-9,1.,1.3147079897530644e-13,5.987557085700705e-14,1.7494668790915418e-9,4.125714474015983e-10,1.,1.,1.,1.,1.
5.754399373371567e-9,1.,1.8148022216028088e-13,8.654653141283313e-14,2.026467049818193e-9,4.244021393003318e-10,1.,1.,1.,1.,1.
6.309573444801943e-9,1.,2.505124430066893e-13,1.250977985242218e-13,2.4377207625198724e-9,4.55402845262514e-10,1.,1.,1.,1.,1.
6.918309709189363e-9,1.546038246845201e-12,3.6199033633271093e-13,1.8082133321966993e-13,3.0689086147945065e-9,5.116194905835628e-10,1.,1.,1.,1.,1.
7.58577575029185e-9,1.6322395727160353e-12,5.232352287609993e-13,2.613663464350149e-13,3.8670768525018885e-9,6.037161933219465e-10,1.,1.,1.,1.,1.
8.317637711026709e-9,2.008227185163533e-12,7.563050091064859e-13,3.7778931187172563e-13,5.097800119326086e-9,7.472401592952938e-10,1.,1.,1.,1.,1.
9.120108393559115e-9,2.6265144904498424e-12,1.0931933389768848e-12,5.460716963421334e-13,6.720209359115312e-9,9.552564906501496e-10,1.,1.,1.,1.,1.
1.e-8,3.551271208507407e-12,1.5801451292717114e-12,7.919678302820183e-13,8.858961272163544e-9,1.259273305849298e-9,1.,1.,1.,1.,1.
1.0964781961431851e-8,4.902118895560896e-12,2.284004613399797e-12,1.1986918179229669e-12,1.2032208417416243e-8,1.6600455211200408e-9,1.,1.,1.,1.,1.
1.202264434617413e-8,6.766807786644734e-12,3.3013911047752436e-12,1.8142934844257533e-12,1.6609071167823762e-8,2.2651155777316444e-9,1.,1.,1.,1.,1.
1.3182567385564074e-8,9.562337637525836e-12,4.771962001628976e-12,2.746044311317124e-12,2.2926900489733395e-8,3.1267299010076367e-9,1.,1.,1.,1.,1.
1.4454397707459279e-8,1.3821783122580498e-11,6.897583661642864e-12,4.156306256098293e-12,3.1647932672144154e-8,4.316088755014278e-9,1.,1.,1.,1.,1.
1.5848931924611143e-8,1.99785550280027e-11,9.970041746585924e-12,6.290824085863361e-12,4.5145519842870126e-8,5.957861002051168e-9,1.,1.,1.,1.,1.
1.7378008287493763e-8,2.8877797999511127e-11,1.4411094856512487e-11,9.521547557091918e-12,6.525512985188393e-8,8.22413757792261e-9,1.,1.,1.,1.,1.
1.9054607179632482e-8,4.1741117720060576e-11,2.161308137491173e-11,1.4411445407556774e-11,9.432235993310286e-8,1.1352470102493654e-8,1.,1.,1.,1.,1.
2.0892961308540408e-8,6.033427162796315e-11,3.271272242836477e-11,2.18126053028319e-11,1.4208393137926922e-7,1.628030570407256e-8,1.,1.,1.,1.,1.
2.2908676527677746e-8,8.720955575004559e-11,4.951270899842294e-11,3.301471411380051e-11,2.1949324461927453e-7,2.3532201344568265e-8,1.,1.,1.,1.,1.
2.511886431509582e-8,1.2605616027020013e-10,7.494051764511173e-11,4.9969791910848424e-11,3.646404478565853e-7,3.401437971663977e-8,1.,1.,1.,1.,1.
2.7542287033381633e-8,1.822065874020686e-10,1.1342706344539002e-10,7.563234062868062e-11,7.048352664013776e-7,4.9165737219684345e-8,1.,1.,1.,1.,1.
3.0199517204020194e-8,2.6336864792284616e-10,1.7167880775485921e-10,1.1447417990409953e-10,1.6106829771579713e-6,7.106611193537568e-8,1.,1.,1.,1.,1.
3.311311214825908e-8,3.927553719040051e-10,2.5984639059548214e-10,1.732636826493584e-10,4.403718874014669e-6,1.02721784543673e-7,1.,1.,1.,1.,1.
3.6307805477010175e-8,5.944593110290587e-10,3.932934273513441e-10,2.622451958194203e-10,1.,1.484781527014205e-7,1.,1.,1.,1.,1.
3.981071705534969e-8,8.997505769456623e-10,5.952736909036503e-10,3.969241659808362e-10,1.,2.1461622700151838e-7,1.,1.,1.,1.,1.
4.365158322401665e-8,1.3618276065230885e-9,9.009831907653673e-10,6.00769036196461e-10,1.,3.131609946403145e-7,1.,1.,1.,1.,1.
4.78630092322638e-8,2.061209492283961e-9,1.3636932430348554e-9,9.093007324473248e-10,1.,4.7398834600931483e-7,1.,1.,1.,1.,1.
5.248074602497723e-8,3.119766812429876e-9,2.0640332474118583e-9,1.3762823518069323e-9,1.,7.174103927300724e-7,1.,1.,1.,1.,1.
5.7543993733715665e-8,4.721958151451215e-9,3.1240407387665342e-9,2.083087634601622e-9,1.,1.085844569661639e-6,1.,1.,1.,1.,1.
6.30957344480193e-8,7.14697287477403e-9,4.72842700073305e-9,3.1528807208296583e-9,1.,1.6434922624647478e-6,1.,1.,1.,1.,1.
6.918309709189362e-8,1.0817381186882701e-8,7.156763874368994e-9,4.772078079989392e-9,1.,2.4875262005713933e-6,1.,1.,1.,1.,1.
7.585775750291836e-8,1.637276897402854e-8,1.0832200464453093e-8,7.222832456383811e-9,1.,3.79458786590361e-6,1.,1.,1.,1.,1.
8.317637711026709e-8,2.4781188648688267e-8,1.6395198858288906e-8,1.093219930992985e-8,1.,6.014016476866179e-6,1.,1.,1.,1.,1.
9.120108393559096e-8,3.75078468288418e-8,2.4815137652311648e-8,1.6546553235690877e-8,1.,9.531573773534179e-6,1.,1.,1.,1.,1.
1.e-7,5.6770423472415895e-8,3.7559230725149194e-8,2.5044221772728474e-8,1.,0.000015341904684799267,1.,1.,1.,1.,1.
1.0964781961431852e-7,8.592551302516208e-8,5.684819614666044e-8,3.790596357244421e-8,1.,0.000025461224150047867,1.,1.,1.,1.,1.
1.2022644346174132e-7,1.3005352676688606e-7,8.604322673108589e-8,5.737299754788612e-8,1.,0.000044654267133153607,1.,1.,1.,1.,1.
1.3182567385564074e-7,1.9684397833681994e-7,1.3023169367058208e-7,8.683754579510605e-8,1.,0.00008954887415956504,1.,1.,1.,1.,1.
1.445439770745928e-7,2.9793541759862707e-7,1.9711364485800804e-7,1.376060812283081e-7,1.,1.,1.,1.,1.,1.,1.
1.584893192461114e-7,4.5094350261394116e-7,3.087236751464703e-7,2.1809094137999662e-7,1.,1.,1.,1.,1.,1.,1.
1.7378008287493765e-7,6.933013465157827e-7,4.892940510912175e-7,3.4565084833059276e-7,1.,1.,1.,1.,1.,1.,1.
1.9054607179632483e-7,1.0988085844169875e-6,7.754788106861908e-7,5.478196764875653e-7,1.,1.,1.,1.,1.,1.,1.
2.0892961308540409e-7,1.7414942452603173e-6,1.2290510879543852e-6,8.682356759613922e-7,1.,1.,1.,1.,1.,1.,1.
2.29086765276777e-7,2.760082374023254e-6,1.947914702485811e-6,1.37606081228307e-6,1.,1.,1.,1.,1.,1.,1.
2.5118864315095823e-7,4.374435765221411e-6,3.08723675146471e-6,2.1809094137999713e-6,1.,1.,1.,1.,1.,1.,1.
2.754228703338163e-7,6.933013465157766e-6,4.8929405109121325e-6,3.456508483305897e-6,1.,1.,1.,1.,1.,1.,1.
3.019951720402019e-7,0.0000109880858441699,7.754788106861925e-6,5.478196764875664e-6,1.,1.,1.,1.,1.,1.,1.
3.311311214825908e-7,0.000017414942452603036,0.000012290510879543753,8.682356759613853e-6,1.,1.,1.,1.,1.,1.,1.
3.6307805477010174e-7,0.00002760082374023287,0.000019479147024858343,0.000013760608122830865,1.,1.,1.,1.,1.,1.,1.
3.981071705534969e-7,0.00004374435765221375,0.00003087236751464685,0.000021809094137999534,1.,1.,1.,1.,1.,1.,1.
4.365158322401665e-7,0.00007097413992214142,0.00005018517527886485,0.00003548607922095395,1.,1.,1.,1.,1.,1.,1.
4.78630092322638e-7,0.00011778775338142605,0.00008328665984026229,0.00005889223247138659,1.,1.,1.,1.,1.,1.,1.
5.248074602497734e-7,0.00019547901336830137,0.0001382214502351067,0.00009773677795928357,1.,1.,1.,1.,1.,1.,1.
5.754399373371567e-7,0.0003314771732917095,0.00023438971212006772,0.00016573876412949453,1.,1.,1.,1.,1.,1.,1.
6.309573444801942e-7,0.0005810903699438637,0.00041089350399947655,0.0002905454574491433,1.,1.,1.,1.,1.,1.,1.
6.918309709189363e-7,0.0010837556445445796,0.0007663306895286484,0.0005418780963713344,1.,1.,1.,1.,1.,1.,1.
7.585775750291836e-7,0.002362500508982318,0.00167053855478982,0.0011812490424861365,1.,1.,1.,1.,1.,1.,1.
8.317637711026709e-7,1.,1.,1.,1.,1.,1.,1.,1.,1.,1.
9.120108393559096e-7,1.,1.,1.,1.,1.,1.,1.,1.,1.,1.
1.e-6,1.,1.,1.,1.,1.,1.,1.,1.,1.,1.
1.096478196143185e-6,1.,1.,1.,1.,1.,1.,1.,1.,1.,1.
1.2022644346174132e-6,1.,1.,1.,1.,1.,1.,1.,1.,1.,1.
1.3182567385564074e-6,1.,1.,1.,1.,1.,1.,1.,1.,1.,1.
1.445439770745928e-6,1.,1.,1.,1.,1.,1.,1.,1.,1.,1.
1.584893192461114e-6,1.,1.,1.,1.,1.,1.,1.,1.,1.,1.
1.7378008287493763e-6,1.,1.,1.,1.,1.,1.,1.,1.,1.,1.
1.9054607179632483e-6,1.,1.,1.,1.,1.,1.,1.,1.,1.,1.
2.0892961308540407e-6,1.,1.,1.,1.,1.,1.,1.,1.,1.,1.
2.29086765276777e-6,1.,1.,1.,1.,1.,1.,1.,1.,1.,1.
2.5118864315095823e-6,1.,1.,1.,1.,1.,1.,1.,1.,1.,1.
2.7542287033381634e-6,1.,1.,1.,1.,1.,1.,1.,1.,1.,1.
3.0199517204020193e-6,1.,1.,1.,1.,1.,1.,1.,1.,1.,1.
3.3113112148259077e-6,1.,1.,1.,1.,1.,1.,1.,1.,1.,1.
3.6307805477010175e-6,1.,1.,1.,1.,1.,1.,1.,1.,1.,1.
3.981071705534969e-6,1.,1.,1.,1.,1.,1.,1.,1.,1.,1.
4.365158322401665e-6,1.,1.,1.,1.,1.,1.,1.,1.,1.,1.
4.78630092322638e-6,1.,1.,1.,1.,1.,1.,1.,1.,1.,1.
5.248074602497734e-6,1.,1.,1.,1.,1.,1.,1.,1.,1.,1.
5.754399373371567e-6,1.,1.,1.,1.,1.,1.,1.,1.,1.,1.
6.309573444801943e-6,1.,1.,1.,1.,1.,1.,1.,1.,1.,1.
6.9183097091893625e-6,1.,1.,1.,1.,1.,1.,1.,1.,1.,1.
7.585775750291836e-6,1.,1.,1.,1.,1.,1.,1.,1.,1.,1.
8.31763771102671e-6,1.,1.,1.,1.,1.,1.,1.,1.,1.,1.
9.120108393559096e-6,1.,1.,1.,1.,1.,1.,1.,1.,1.,1.
0.00001,1.,1.,1.,1.,1.,1.998155396402359e-6,1.,1.,1.,1.
0.000010964781961431852,1.,1.,1.,1.,1.,5.03637422830814e-7,1.,1.,1.,1.
0.000012022644346174132,1.,1.,1.,1.,1.,2.576611642119144e-7,1.,1.,1.,1.
0.000013182567385564074,1.,1.,1.,1.,1.,1.5230014584273045e-7,1.,1.,1.,1.
0.00001445439770745928,1.,1.,1.,1.,1.,9.561525148746129e-8,1.,1.,1.,1.
0.00001584893192461114,1.,1.,1.,1.,1.,6.221817008220377e-8,1.,1.,1.,1.
0.000017378008287493764,1.,1.,1.,1.,1.,4.110713732033424e-8,1.,1.,1.,1.
0.000019054607179632484,1.,1.,1.,1.,1.,2.7362745615969188e-8,1.,1.,1.,1.
0.00002089296130854041,1.,1.,1.,1.,1.,1.8930394866503834e-8,1.,1.,1.,1.
0.00002290867652767775,1.,1.,1.,1.,1.,1.3096633460372193e-8,1.,1.,1.,1.
0.000025118864315095822,1.,1.,1.,1.,1.,9.060656642658724e-9,1.,1.,1.,1.
0.00002754228703338169,1.,1.,1.,1.,1.,6.268442882253692e-9,1.,1.,1.,1.
0.000030199517204020192,1.,1.,1.,1.,1.,4.3367029253794685e-9,1.,1.,1.,1.
0.000033113112148259144,1.,1.,1.,1.,1.,3.1036487170068894e-9,1.,1.,1.,1.
0.000036307805477010174,1.,1.,1.,1.,1.,2.248394738040397e-9,1.,1.,1.,1.
0.000039810717055349776,1.,1.,1.,1.,1.,1.6288180006798496e-9,1.,1.,1.,1.
0.000043651583224016566,1.,1.,1.,1.,1.,1.1799743321099407e-9,1.,1.,1.,1.
0.000047863009232263804,1.,1.,1.,1.,1.,8.548158381459098e-10,1.,1.,1.,1.
0.00005248074602497723,1.,1.,1.,1.,1.,6.192593323945393e-10,1.,1.,1.,1.
0.000057543993733715664,1.,1.,1.,1.,1.,4.486137289986354e-10,1.,1.,1.,1.
0.00006309573444801929,1.,1.,1.,1.,1.,3.249919174699479e-10,1.,1.,1.,1.
0.00006918309709189363,1.,1.,1.,1.,1.,2.3573005901486204e-10,1.,1.,1.,1.
0.00007585775750291836,1.,1.,1.,1.,1.,1.7881953652898037e-10,1.,1.,1.,1.
0.00008317637711026709,1.,1.,1.,1.,1.,1.3564849038799645e-10,1.,1.,1.,1.
0.00009120108393559096,1.,1.,1.,1.,1.,1.0289990289489588e-10,1.,1.,1.,1.
0.0001,1.,1.,1.,1.,1.,7.805755880874858e-11,1.,1.,1.,1.
0.00010964781961431851,1.,1.,1.,1.,1.,5.921271367383838e-11,1.,1.,1.,1.
0.00012022644346174131,1.,1.,1.,1.,1.,4.49174367495977e-11,1.,1.,1.,1.
0.00013182567385564074,1.,1.,1.,1.,1.,3.407336024603656e-11,1.,1.,1.,1.
0.0001445439770745928,1.,1.,1.,1.,1.,2.58472869885342e-11,1.,1.,1.,1.
0.00015848931924611142,1.,1.,1.,1.,1.,2.0428816928744507e-11,1.,1.,1.,1.
0.00017378008287493763,1.,1.,1.,1.,1.,1.6227186088515143e-11,1.,1.,1.,1.
0.00019054607179632481,1.,1.,1.,1.,1.,1.2889712080232652e-11,1.,1.,1.,1.
0.0002089296130854041,1.,1.,1.,1.,1.,1.0238662242795443e-11,1.,1.,1.,1.
0.00022908676527677748,1.,1.,1.,1.,1.,8.132858505257857e-12,1.,1.,1.,1.
0.0002511886431509582,1.,1.,1.,1.,1.,6.4601591397438305e-12,1.,1.,1.,1.
0.0002754228703338169,1.,1.,1.,1.,1.,5.1314868055106495e-12,1.,1.,1.,1.
0.0003019951720402019,1.,1.,1.,1.,1.,4.155704995655502e-12,1.,1.,1.,1.
0.0003311311214825914,1.,1.,1.,1.,1.,3.4565648587766286e-12,1.,1.,1.,1.
0.0003630780547701018,1.,1.,1.,1.,1.,2.875045421997019e-12,1.,1.,1.,1.
0.00039810717055349773,1.,1.,1.,1.,1.,2.391358622291711e-12,1.,1.,1.,1.
0.0004365158322401656,1.,1.,1.,1.,1.,1.9890454657362497e-12,1.,1.,1.,1.
0.00047863009232263805,1.,1.,1.,1.,1.,1.6544159574754507e-12,1.,1.,1.,1.
0.0005248074602497723,1.,1.,1.,1.,1.,1.376083255762217e-12,1.,1.,1.,1.
0.0005754399373371566,1.,1.,1.,1.,1.,1.144576198164023e-12,1.,1.,1.,1.
0.000630957344480193,1.,1.,1.,1.,1.,9.520170148992655e-13,1.,1.,1.,1.
0.0006918309709189362,1.,1.,1.,1.,1.,7.918532624665208e-13,1.,1.,1.,1.
0.0007585775750291835,1.,1.,1.,1.,1.,6.586348557491064e-13,1.,1.,1.,1.
0.0008317637711026709,1.,1.,1.,1.,1.,5.478286113975402e-13,1.,1.,1.,1.
0.0009120108393559096,1.,1.,1.,1.,1.,4.759497710437842e-13,1.,1.,1.,1.
0.001,1.,1.,1.,1.,1.,4.145349212270689e-13,1.,9.986972838726943e-12,8.821073445525913e-12,1.
0.0010964781961431851,1.,1.,1.,1.,1.,3.610448231540889e-13,1.,3.0015379446496284e-12,2.363181578580816e-12,1.
0.001202264434617413,1.,1.,1.,1.,1.,3.144568953093436e-13,1.,1.6923246786856313e-12,1.0776376944520644e-12,1.
0.0013182567385564075,1.,1.,1.,1.,1.,2.7388050642506924e-13,1.,1.0478712574477139e-12,5.598726137309093e-13,1.
0.001445439770745928,1.,1.,1.,1.,1.,2.3853994909496766e-13,1.,6.858081572828877e-13,3.177503547735418e-13,1.
0.001584893192461114,1.,1.,1.,1.,1.,2.0775961041169373e-13,1.,4.691810617313238e-13,1.9593771998619251e-13,1.
0.0017378008287493763,1.,1.,1.,1.,1.,1.809510561320455e-13,1.,3.323393453192183e-13,1.3117615415830305e-13,1.
0.0019054607179632482,1.,1.,1.,1.,1.,1.5760178145511057e-13,1.,2.4222326357225757e-13,9.46078964252008e-14,1.
0.0020892961308540407,1.,1.,1.,1.,1.,1.4008308912084078e-13,1.,1.8374513589629795e-13,7.306201430614896e-14,1.
0.0022908676527677745,1.,1.,1.,1.,1.,1.2775729568866673e-13,1.,1.4362758237003777e-13,5.80352208492035e-14,1.
0.002511886431509582,1.,1.,1.,1.,1.,1.1651603847486207e-13,1.,1.140874439617084e-13,4.6416749719098184e-14,1.
0.002754228703338169,1.,1.,1.,1.,1.,1.0652797861177275e-13,1.,9.348974351525528e-14,3.8607770788685945e-14,1.
0.003019951720402019,1.,1.,1.,1.,1.,1.0173342977809309e-13,1.,7.776138162567021e-14,3.211254502506496e-14,1.
0.0033113112148259144,1.,1.,1.,1.,1.,9.996216642194141e-14,1.,6.46791000271214e-14,2.671005154975235e-14,1.
0.0036307805477010175,1.,1.,1.,1.,1.,1.019612578574517e-13,1.,5.379773215008535e-14,2.221645320336875e-14,1.
0.003981071705534978,1.,1.,1.,1.,1.,1.0721823733822607e-13,1.,4.4747004569926383e-14,1.8478840896960002e-14,1.
0.004365158322401665,1.,1.,1.,1.,1.,1.1756245947027e-13,1.,3.7218937266630423e-14,1.5370030390061715e-14,1.
0.00478630092322638,1.,1.,1.,1.,1.,1.3129979471224204e-13,1.,3.095736361732638e-14,1.2784234439200439e-14,1.
0.005248074602497723,1.,1.,1.,1.,1.,1.5075233480065798e-13,1.,2.5749213505744006e-14,1.0633463047809994e-14,1.
0.005754399373371567,1.,1.,1.,1.,1.,1.739075087326357e-13,1.,2.141726292846546e-14,8.844529324527341e-15,1.
0.00630957344480193,1.,1.,1.,1.,1.,2.090828126621651e-13,1.,1.7814103380077862e-14,7.35655906459702e-15,1.
0.006918309709189363,1.,1.,1.,1.,1.,2.513728295534964e-13,1.,1.5162453617412137e-14,6.1189193099087546e-15,1.
0.007585775750291836,1.,1.,1.,1.,1.,3.0221661280131373e-13,1.,1.3205945035163834e-14,5.089495400282657e-15,1.
0.008317637711026709,1.,1.,1.,1.,1.,3.7814923793376704e-13,1.,1.1501897296588971e-14,4.233257887148801e-15,1.
0.009120108393559097,1.,1.,1.,1.,1.,4.760616850854183e-13,1.,1.0017733760743267e-14,3.5210705442650113e-15,1.
0.01,1.,1.,1.,1.,1.,5.993261529355856e-13,8.682255028787183e-11,8.725081359481183e-15,2.9286989142163995e-15,1.
0.01096478196143185,1.,1.,1.,1.,1.,7.545069238834461e-13,2.484439124469087e-11,7.599228183512612e-15,2.4359856533129302e-15,1.
0.012022644346174132,1.,1.,1.,1.,1.,9.684637091529936e-13,1.5276285587354627e-11,6.618651059607569e-15,2.026164613351566e-15,1.
0.013182567385564075,1.,1.,1.,1.,1.,1.276683810638266e-12,1.085338946728113e-11,5.7646040875424244e-15,1.6852903196760836e-15,1.
0.01445439770745928,1.,1.,1.,1.,1.,1.6829970363797665e-12,8.186903661957754e-12,5.020760270761447e-15,1.4017634316966054e-15,1.
0.01584893192461114,1.,1.,1.,1.,1.,2.218622184178091e-12,6.389296508649644e-12,4.3728993897312515e-15,1.1659360381417895e-15,1.
0.017378008287493762,1.,1.,1.,1.,1.,2.924713644603502e-12,5.0751986168456875e-12,3.808636150997086e-15,9.697833559493225e-16,1.
0.019054607179632484,1.,1.,1.,1.,1.,3.855523470346438e-12,4.031373558194148e-12,3.31718341490893e-15,8.077699732480227e-16,1.
0.02089296130854041,1.,1.,1.,1.,1.,5.252890429210722e-12,3.3358019925103775e-12,2.889145975591852e-15,7.035382357588249e-16,1.
0.022908676527677748,1.,1.,1.,1.,1.,7.251007292165574e-12,2.774599244942235e-12,2.5163409508086424e-15,6.127561874878735e-16,1.
0.025118864315095822,1.,1.,1.,1.,1.,1.0009176368626137e-11,2.3078111312717766e-12,2.191641348069792e-15,5.3368832882223945e-16,1.
0.02754228703338169,1.,1.,1.,1.,1.,1.3816509560886563e-11,1.919553689539334e-12,1.9088398164110502e-15,4.64823102788679e-16,1.
0.030199517204020192,1.,1.,1.,1.,1.,1.9072092389583135e-11,1.5966152156452818e-12,1.6625299791524737e-15,4.0484399829935197e-16,1.
0.03311311214825914,1.,1.,1.,1.,1.,2.6326816227632988e-11,1.3280066927650242e-12,1.4480030790522462e-15,3.5260438213097693e-16,1.
0.03630780547701017,1.,1.,1.,1.,1.,3.634112285771647e-11,1.1324990577535568e-12,1.2611579599988026e-15,3.0710557849504137e-16,1.
0.039810717055349776,1.,1.,1.,1.,1.,5.082634849295613e-11,9.863654449629163e-13,1.0984226643422442e-15,2.674777771415801e-16,1.
0.04365158322401665,1.,1.,1.,1.,1.,7.346642551351114e-11,8.590883889535284e-13,9.56686147024644e-16,2.3296340501270305e-16,1.
0.0478630092322638,1.,1.,1.,1.,1.,1.061912932517715e-10,7.48234707332553e-13,8.33238801073837e-16,2.0290264355825683e-16,1.
0.05248074602497723,1.,1.,1.,1.,1.,1.5349311857305417e-10,6.516851868280977e-13,7.257206574739696e-16,1.767208148450784e-16,1.
0.057543993733715666,1.,1.,1.,1.,1.,2.21865058121313e-10,5.675940698409989e-13,6.320762691388155e-16,1.5391739531743326e-16,1.
0.0630957344480193,1.,1.,1.,1.,1.,3.206925787474027e-10,4.943537687064987e-13,5.505154164951885e-16,1.340564471823609e-16,1.
0.06918309709189363,1.,1.,1.,1.,1.,4.635418075045662e-10,4.3056413310093006e-13,4.79969144702366e-16,1.1675828449470674e-16,1.
0.07585775750291836,1.,1.,1.,1.,1.,6.700217639705531e-10,3.750056830719137e-13,4.377370625249429e-16,1.0169221462062316e-16,1.
0.08317637711026708,1.,1.,1.,1.,1.,9.684761049083782e-10,3.266162959822461e-13,3.992209458105635e-16,8.857021631656216e-17,1.
0.09120108393559097,1.,1.,1.,1.,1.,1.3998738790516759e-9,2.928964101031216e-13,3.6409382987715214e-16,7.71414335662596e-17,1.
0.1,1.,1.,1.,1.,1.,2.023433378809668e-9,2.671247008224807e-13,3.320575193905693e-16,6.718737991322795e-17,1.
0.10964781961431873,1.,1.,1.,1.,1.,3.002429121383974e-9,2.4362062260980637e-13,3.0284005697383377e-16,5.851776160896791e-17,1.
0.12022644346174131,1.,1.,1.,1.,1.,4.544360369303117e-9,2.2218464851077927e-13,2.761934145512982e-16,5.0966839727140946e-17,1.
0.131825673855641,1.,1.,1.,1.,1.,6.878167753906517e-9,2.0263480778031315e-13,2.549795356046206e-16,4.439026169746673e-17,1.
0.1445439770745928,1.,1.,1.,1.,1.,1.0410528172556324e-8,1.848051411264472e-13,2.435035660896016e-16,3.9825240964212074e-17,1.
0.1584893192461111,1.,1.,1.,1.,1.,1.5756972017734538e-8,1.6854429187601877e-13,2.4224862667976505e-16,3.632105143932248e-17,1.
0.17378008287493762,1.,1.,1.,1.,1.,2.38491422387369e-8,1.5410236095231488e-13,2.483822006660371e-16,3.3480669969016015e-17,1.
0.19054607179632443,1.,1.,1.,1.,1.,3.609713750099502e-8,1.4716661219786007e-13,2.600880931451144e-16,3.1973791595440865e-17,1.
0.2089296130854041,1.,1.,1.,1.,1.,5.463522850098001e-8,1.4054302355884804e-13,2.8363537044703437e-16,3.180860351711276e-17,1.
0.22908676527677702,1.,1.,1.,1.,1.,8.269376465854009e-8,1.3421754551573604e-13,3.1099999935016767e-16,3.242512612344096e-17,1.
0.25118864315095824,1.,1.,1.,1.,1.,1.2516207767447114e-7,1.2820689423839102e-13,3.50639760684357e-16,3.395327523800606e-17,1.
0.27542287033381635,1.,1.,1.,1.,1.,1.8944047054184054e-7,1.2820689423839102e-13,4.0258831107054367e-16,3.6856836866684105e-17,1.
0.30199517204020193,1.,1.,1.,1.,1.,2.904182774849713e-7,1.2820689423839102e-13,4.622332273279597e-16,4.041271800312551e-17,1.
0.3311311214825908,1.,1.,1.,1.,1.,4.60281950952209e-7,1.3055232783381285e-13,5.307147539327873e-16,4.6218129183466205e-17,1.
0.36307805477010174,1.,1.,1.,1.,1.,7.294977306768839e-7,1.3670506948928562e-13,6.346273264067677e-16,5.306551240080765e-17,1.
0.3981071705534969,1.,1.,1.,1.,1.,1.156175987265613e-6,1.439230663540529e-13,7.6298986377519e-16,6.283464788596402e-17,1.
0.43651583224016655,1.,1.,1.,1.,1.,1.8324154515042964e-6,1.578085041792882e-13,9.173155771904996e-16,7.554386241500307e-17,1.
0.47863009232263803,1.,1.,1.,1.,1.,2.904182774849689e-6,1.7303358399855984e-13,1.1028558937766774e-15,9.082369903518895e-17,1.
0.5248074602497733,1.,1.,1.,1.,1.,4.6028195095221456e-6,1.943070319960896e-13,1.325924417595904e-15,1.1338246548827557e-16,1.
0.5754399373371566,1.,1.,1.,1.,1.,7.632012036725404e-6,2.230943224686203e-13,1.5941117702663558e-15,1.427400670550646e-16,1.
0.6309573444801942,1.,1.,1.,1.,1.,0.000012665987253555503,2.561465542777406e-13,1.916543886196252e-15,1.796990976968252e-16,1.
0.6918309709189363,1.,1.,1.,1.,1.,0.00002135928614070462,2.940955939279349e-13,2.3836932829225254e-15,2.270756775646411e-16,1.
0.7585775750291851,1.,1.,1.,1.,1.,0.000037308074069726666,3.452188102083498e-13,3.0008920477942457e-15,2.993440421118519e-16,1.
0.8317637711026709,1.,1.,1.,1.,1.,0.0000692066955356594,4.1504429767443606e-13,3.777899257019194e-15,3.9461230066065937e-16,1.
0.9120108393559115,1.,1.,1.,1.,1.,0.00014828519184135702,4.989929978847392e-13,4.756093377859793e-15,5.202003244631646e-16,1.
1.,1.,1.,1.,1.,1.,0.0006245304413929776,5.999215344799416e-13,5.9875668142536226e-15,6.857575831227919e-16,0.000010820889501492758
1.0964781961431873,1.,1.,1.,1.,1.,1.,7.212643244663408e-13,7.537900017279371e-15,9.098428394578797e-16,1.714995410728907e-6
1.2022644346174132,1.,1.,1.,1.,1.,1.,8.671504452642322e-13,9.489653883316647e-15,1.255932738849257e-15,2.718084551566401e-7
1.3182567385564101,1.,1.,1.,1.,1.,1.,1.0425441398038443e-12,1.1946766422838592e-14,1.7336697901071317e-15,4.3078737023111284e-8
1.4454397707459279,1.,1.,1.,1.,1.,1.,1.253413740804961e-12,1.5040087838480728e-14,2.3931304982812533e-15,6.827519704775443e-9
1.5848931924611174,1.,1.,1.,1.,1.,1.,1.5210002259688838e-12,1.89343487754799e-14,3.3034396829687293e-15,1.0820889501492226e-9
1.7378008287493762,1.,1.,1.,1.,1.,1.,1.914825835816889e-12,2.38369328292253e-14,4.560016157434744e-15,1.714995410728966e-10
1.9054607179632443,1.,1.,1.,1.,1.,1.,2.4106229038698754e-12,3.068410772176459e-14,6.2945745500577896e-15,4.372223548752885e-11
2.089296130854041,1.,1.,1.,1.,1.,1.,3.034794431934851e-12,4.0449531770807126e-14,8.707133092418405e-15,1.8884051328227777e-11
2.29086765276777,1.,1.,1.,1.,1.,1.,3.820579829934208e-12,5.332286782831764e-14,1.2585636460959433e-14,9.525597261457467e-12
2.5118864315095824,1.,1.,1.,1.,1.,1.,4.809825035692439e-12,7.029322983383284e-14,1.8191779480820953e-14,5.175895494542341e-12
2.754228703338163,1.,1.,1.,1.,1.,1.,6.055210963716967e-12,9.266452390334385e-14,2.6295121562218084e-14,2.9724523890731437e-12
3.019951720402019,1.,1.,1.,1.,1.,1.,7.62305895599798e-12,1.2215563306070508e-13,3.800801448262914e-14,1.7836119437418809e-12
3.3113112148259076,1.,1.,1.,1.,1.,1.,9.596862635310925e-12,1.6103248643489734e-13,5.4938295740278914e-14,1.1053073232276718e-12
3.6307805477010175,1.,1.,1.,1.,1.,1.,1.2081734245090927e-11,2.12282160369298e-13,7.940999760000139e-14,7.017971265963617e-13
3.981071705534969,1.,1.,1.,1.,1.,1.,1.5210002259688713e-11,2.798423883821373e-13,1.1478236872587976e-13,4.636727633727777e-13
4.3651583224016655,1.,1.,1.,1.,1.,1.,1.914825835816893e-11,3.689041142184741e-13,1.659110007368116e-13,3.1559977004186584e-13
4.7863009232263805,1.,1.,1.,1.,1.,1.,2.4106229038698807e-11,4.863103344496831e-13,2.398143588692425e-13,2.2131986254338943e-13
5.248074602497733,1.,1.,1.,1.,1.,1.,3.034794431934856e-11,6.670156706083793e-13,3.466372119055423e-13,1.6150624971451625e-13
5.754399373371567,1.,1.,1.,1.,1.,1.,3.9269131049337e-11,9.207379359513422e-13,5.010432121087509e-13,1.238750543294739e-13
6.309573444801943,1.,1.,1.,1.,1.,1.,5.176679662304346e-11,1.270972158610181e-12,7.242277856442822e-13,1.0063823944697493e-13
6.918309709189363,1.,1.,1.,1.,1.,1.,6.824192848180568e-11,1.7544299684938434e-12,1.0876997830194134e-12,8.817581923598067e-14
7.585775750291852,1.,1.,1.,1.,1.,1.,8.996038207322533e-11,2.4217875218566544e-12,1.646300241510672e-12,8.329667152517729e-14
8.317637711026709,1.,1.,1.,1.,1.,1.,1.1859087987113758e-10,3.342997387382518e-12,2.491776248841701e-12,8.379208124026189e-14
9.120108393559116,1.,1.,1.,1.,1.,1.,1.5633322652146154e-10,4.614620990151417e-12,3.771455970020574e-12,8.774108036727854e-14
10.,1.,1.,1.,1.,1.,1.,2.060873293221806e-10,6.369950201911155e-12,5.708329606406478e-12,9.204347432129649e-14
10.964781961431873,1.,1.,1.,1.,1.,1.,2.7167601061005976e-10,8.963861968244412e-12,8.63990648555804e-12,1.0092366269056697e-13
12.02264434617413,1.,1.,1.,1.,1.,1.,3.581387316908311e-10,1.295672258837724e-11,1.3077027646653201e-11,1.1066059561511591e-13
13.1825673855641,1.,1.,1.,1.,1.,1.,4.721187963894861e-10,1.8728162127762736e-11,1.9792882290703417e-11,1.21336930264193e-13
14.45439770745928,1.,1.,1.,1.,1.,1.,6.223737847395769e-10,2.7070430372445725e-11,2.9957739630067724e-11,1.3304329842163351e-13
15.848931924611174,1.,1.,1.,1.,1.,1.,8.290301115188953e-10,3.912867667154187e-11,4.534287379481261e-11,1.4587907586229247e-13
17.378008287493763,1.,1.,1.,1.,1.,1.,1.1443801208226498e-9,5.655814543770456e-11,6.862921666856136e-11,1.59953225956521e-13
19.054607179632445,1.,1.,1.,1.,1.,1.,1.5796843115079238e-9,8.175139277528988e-11,1.038745228600659e-10,1.7624821240993252e-13
20.892961308540407,1.,1.,1.,1.,1.,1.,2.1805713666455946e-9,1.1816671443127625e-10,1.5722045250079823e-10,2.0236002336081646e-13
22.908676527677702,1.,1.,1.,1.,1.,1.,3.010026402361168e-9,1.7486597666501787e-10,2.3796278436681177e-10,2.3234039366791456e-13
25.11886431509582,1.,1.,1.,1.,1.,1.,4.154993081858617e-9,2.6467036595012364e-10,3.6023504115327234e-10,2.667624644098283e-13
27.542287033381633,1.,1.,1.,1.,1.,1.,5.7354870697314426e-9,4.005948095115338e-10,5.70934064409765e-10,3.062842895915768e-13
30.199517204020193,1.,1.,1.,1.,1.,1.,8.06741902380384e-9,6.063247800013479e-10,9.048695120272011e-10,3.5166141630217006e-13
33.11311214825908,1.,1.,1.,1.,1.,1.,1.1660968304278265e-8,9.177096909766414e-10,1.4341215296775067e-9,4.037613286680582e-13
36.30780547701018,1.,1.,1.,1.,1.,1.,1.6855227352411648e-8,1.3890098255766254e-9,2.2729294495478235e-9,4.635800317306257e-13
39.81071705534969,1.,1.,1.,1.,1.,1.,2.436321596014018e-8,2.1078821991393573e-9,3.6023504115326946e-9,5.322610922851561e-13
43.651583224016655,1.,1.,1.,1.,1.,1.,3.528615586344964e-8,3.3407681479259642e-9,5.709340644097719e-9,6.111175006890905e-13
47.863009232263806,1.,1.,1.,1.,1.,1.,5.340775812119701e-8,5.294760695238733e-9,9.04869512027194e-9,7.01656771576301e-13
52.480746024977336,1.,1.,1.,1.,1.,1.,8.083591305809872e-8,8.391630181594627e-9,1.4492853372739504e-8,8.056097633331434e-13
57.543993733715666,1.,1.,1.,1.,1.,1.,1.2365426906108825e-7,1.3404121860254975e-8,2.4052149708810515e-8,9.249637672841926e-13
63.09573444801943,1.,1.,1.,1.,1.,1.,1.9597880925367573e-7,2.2245305144977014e-8,3.9916632752470534e-8,1.062000499160749e-12
69.18309709189363,1.,1.,1.,1.,1.,1.,3.174065753764236e-7,3.7158060800649906e-8,6.742601313036178e-8,1.2280088098810998e-12
75.85775750291852,1.,1.,1.,1.,1.,1.,5.357377258715289e-7,6.470018818579084e-8,1.1782341227230928e-7,1.476391317516909e-12
83.17637711026708,1.,1.,1.,1.,1.,1.,9.667989764829152e-7,1.1985804202063595e-7,2.1860681519924455e-7,1.7750127726285167e-12
91.20108393559116,1.,1.,1.,1.,1.,1.,2.029305504290124e-6,2.563718941982876e-7,4.686451456503356e-7,2.1340347275229197e-12
100.,1.,1.,1.,1.,1.,1.,8.483249732732456e-6,1.0801860510781582e-6,1.9761436372899917e-6,2.5656740551392572e-12
109.64781961431873,1.,1.,1.,1.,1.,1.,1.,1.,1.,3.0846186673145776e-12
120.22644346174131,1.,1.,1.,1.,1.,1.,1.,1.,1.,3.7085273180692635e-12
131.825673855641,1.,1.,1.,1.,1.,1.,1.,1.,1.,4.458630499321793e-12
144.5439770745928,1.,1.,1.,1.,1.,1.,1.,1.,1.,5.360452876435046e-12
158.48931924611173,1.,1.,1.,1.,1.,1.,1.,1.,1.,6.444681846780494e-12
173.78008287493762,1.,1.,1.,1.,1.,1.,1.,1.,1.,7.748211776808624e-12
190.54607179632444,1.,1.,1.,1.,1.,1.,1.,1.,1.,9.745891726365293e-12
208.92961308540407,1.,1.,1.,1.,1.,1.,1.,1.,1.,1.2269350754915855e-11
229.08676527677702,1.,1.,1.,1.,1.,1.,1.,1.,1.,1.544619745157945e-11
251.18864315095823,1.,1.,1.,1.,1.,1.,1.,1.,1.,1.9445610487383777e-11
275.4228703338163,1.,1.,1.,1.,1.,1.,1.,1.,1.,2.4480573190418473e-11
301.9951720402019,1.,1.,1.,1.,1.,1.,1.,1.,1.,3.098269851546402e-11
331.13112148259074,1.,1.,1.,1.,1.,1.,1.,1.,1.,4.08431510966718e-11
363.07805477010174,1.,1.,1.,1.,1.,1.,1.,1.,1.,5.384175915706546e-11
398.1071705534969,1.,1.,1.,1.,1.,1.,1.,1.,1.,7.097726182453226e-11
436.51583224016656,1.,1.,1.,1.,1.,1.,1.,1.,1.,9.356625368447271e-11
478.630092322638,1.,1.,1.,1.,1.,1.,1.,1.,1.,1.2353721022404298e-10
524.8074602497734,1.,1.,1.,1.,1.,1.,1.,1.,1.,1.705288210862089e-10
575.4399373371566,1.,1.,1.,1.,1.,1.,1.,1.,1.,2.353953012886816e-10
630.9573444801943,1.,1.,1.,1.,1.,1.,1.,1.,1.,3.249359698603537e-10
691.8309709189363,1.,1.,1.,1.,1.,1.,1.,1.,1.,4.485364997987066e-10
758.5775750291851,1.,1.,1.,1.,1.,1.,1.,1.,1.,6.191527264221944e-10
831.7637711026708,1.,1.,1.,1.,1.,1.,1.,1.,1.,8.621540699240309e-10
912.0108393559116,1.,1.,1.,1.,1.,1.,1.,1.,1.,1.2461917811786706e-9
1000.,1.,1.,1.,1.,1.,1.,1.,1.,1.,1.8012951624923423e-9
1096.4781961431872,1.,1.,1.,1.,1.,1.,1.,1.,1.,2.603663666718701e-9
1202.2644346174131,1.,1.,1.,1.,1.,1.,1.,1.,1.,3.763439013521352e-9
1318.25673855641,1.,1.,1.,1.,1.,1.,1.,1.,1.,5.439824424920626e-9
1445.439770745928,1.,1.,1.,1.,1.,1.,1.,1.,1.,7.862938569655309e-9
1584.8931924611175,1.,1.,1.,1.,1.,1.,1.,1.,1.,1.1365404123511978e-8
1737.8008287493763,1.,1.,1.,1.,1.,1.,1.,1.,1.,1.6783021650485198e-8
1905.4607179632521,1.,1.,1.,1.,1.,1.,1.,1.,1.,2.5402131201840533e-8
2089.2961308540407,1.,1.,1.,1.,1.,1.,1.,1.,1.,3.844768141479777e-8
2290.86765276777,1.,1.,1.,1.,1.,1.,1.,1.,1.,5.8192920681658385e-8
2511.886431509582,1.,1.,1.,1.,1.,1.,1.,1.,1.,8.807854967708094e-8
2754.228703338163,1.,1.,1.,1.,1.,1.,1.,1.,1.,1.3331227960969202e-7
3019.951720402019,1.,1.,1.,1.,1.,1.,1.,1.,1.,2.017763003579243e-7
3311.311214825908,1.,1.,1.,1.,1.,1.,1.,1.,1.,3.0540078907457656e-7
3630.7805477010174,1.,1.,1.,1.,1.,1.,1.,1.,1.,4.762857761262103e-7
3981.071705534969,1.,1.,1.,1.,1.,1.,1.,1.,1.,7.548620842484814e-7
4365.158322401666,1.,1.,1.,1.,1.,1.,1.,1.,1.,1.196375778572439e-6
4786.30092322638,1.,1.,1.,1.,1.,1.,1.,1.,1.,1.8961278270848032e-6
5248.074602497733,1.,1.,1.,1.,1.,1.,1.,1.,1.,3.0051600851828193e-6
5754.399373371566,1.,1.,1.,1.,1.,1.,1.,1.,1.,4.928977694146946e-6
6309.573444801943,1.,1.,1.,1.,1.,1.,1.,1.,1.,8.180066848258148e-6
6918.309709189362,1.,1.,1.,1.,1.,1.,1.,1.,1.,0.000013795084594207798
7585.775750291851,1.,1.,1.,1.,1.,1.,1.,1.,1.,0.000024124837206990062
8317.63771102671,1.,1.,1.,1.,1.,1.,1.,1.,1.,0.000044802432991319044
9120.108393559116,1.,1.,1.,1.,1.,1.,1.,1.,1.,0.0000963671071374873
10000.,1.,1.,1.,1.,1.,1.,1.,1.,1.,0.00040750772705700085
